POS,Chr,Position,Transcript,AminoAcidChange,variant,Fasting_glucose,HbA1c,clinvar
44187259,7,44187259,NM_000162,G285C,p.Gly285Cys,6.47,6.045,NA
44192905,7,44192905,NM_000162,G68D,p.Gly68Asp,5.85,6.14,VUS
44189576,7,44189576,NM_000162,R191W,p.Arg191Trp,7.99,6.235,P
44190668,7,44190668,NM_000162,D124N_E279Q,Nan,6.03,6.4,
44228543,7,44228543,NM_000162,D4N,p.Asp4Asn,7.06,6.4,VUS
44192019,7,44192019,NM_000162,G72R,p.Gly72Arg,6.98,6.425,P
44187375,7,44187375,NM_000162,G246A,p.Gly246Ala,7.41,6.5,VUS
44189421,7,44189421,NM_000162,T206M,p.Thr206Met,7.45,6.6,P
44192019,7,44192019,NM_000162,G72R,p.Gly72Arg,7.37,6.615,P
44191875,7,44191875,NM_000162,E120K,p.Glu120Lys,6.59,6.7,LP/VUS
44192019,7,44192019,NM_000162,G72R,p.Gly72Arg,7.29,6.71,P
44189379,7,44189379,NM_000162,C220Y,p.Cys220Tyr,6.36,6.805,LP
44198713,7,44198713,NM_033507,M3V,p.Met3Val,6.74,6.805,NA
44185325,7,44185325,NM_000162,T342P,p.Thr342Pro,12.05,7.1,VUS
44186129,7,44186129,NM_000162,G318R,p.Gly318Arg,8.56,7.185,P
44185325,7,44185325,NM_000162,T342P,p.Thr342Pro,NA,7.185,VUS
44192921,7,44192921,NM_000162,R63C,p.Arg63Cys,9.75,7.28,VUS
44192019,7,44192019,NM_000162,G72R,p.Gly72Arg,6.86,NA,P
44187429,7,44187429,NM_000162,T228M,p.Thr228Met,6.92,NA,P
44189603,7,44189603,NM_000162,V182M,p.Val182Met,7.04,NA,P
44187429,7,44187429,NM_000162,T228M,p.Thr228Met,8.14,NA,P
44185325,7,44185325,NM_000162,T342P,p.Thr342Pro,5.1,6.2,VUS
44184754,7,44184754,NM_000162,A460V,p.Ala460Val,5.2,5.5,NA
44185324,7,44185324,NM_000162,T342R,p.Thr342Arg,5.2,5.5,NA
44184769,7,44184769,NM_000162,V455E,p.Val455Glu,5.7,5.8,LP/P/VUS
44184816,7,44184816,NM_000162,I439M,p.Ile439Met,6.2,5.7,NA
44184763,7,44184763,NM_000162,C457Y,p.Cys457Tyr,6.6,6.4,NA
44189576,7,44189576,NM_000162,R191W,p.Arg191Trp,8.3,7.4,P
44185312,7,44185312,NM_000162,K346R,p.Lys346Arg,5.2,6.2,NA
44187288,7,44187288,NM_000162,R275H,p.Arg275His,5.7,6.2,VUS
,,,NM_000162,Val310Gly,p.Val310Gly,5.40,,NA
,,,NM_000162,Gly356Val,p.Gly356Val,6.00,7.0,NA
,,,NM_000162,Arg191Trp,p.Arg191Trp,6.20,6.5,P
,,,NM_000162,Leu122Pro,p.Leu122Pro,6.7,7.5,NA
,,,NM_000162,Gly223Ser,p.Gly223Ser,6.80,7.9,P
,,,NM_000162,Gln287Pro,p.Gln287Pro,7.00,6.5,NA
,,,NM_000162,Arg191Gln,p.Arg191Gln,7.50,6.3,LP/P/VUS
,,,NM_000162,Asp278Tyr,p.Asp278Tyr,7.70,,NA
,,,NM_000162,Ala53Gly,p.Ala53Gly,7.80,5.9,NA
,,,NM_000162,Ser411Pro,p.Ser411Pro,7.80,6.4,NA
,,,NM_000162,Ala176Glu,p.Ala176Glu,9.00,7.3,VUS
,,,NM_000162,Gly223Ser,p.Gly223Ser,,7.4,P
,,,NM_000162,Gly178Glu,p.Gly178Glu,,7.4,P
